;; Satscan_Controller_File_ver = '1.0'
<Elements>
	<Name>Scan_Name</Name>
	<Val>Satscan_100</Val>
	<Name>ip_check</Name>
	<Val>0</Val>
	<Name>resample_carrier_duration</Name>
	<Val>0</Val>
	<Name>UseDecHWForFLDeepScan</Name>
	<Val>1</Val>
	<Name>IP_Address_SNMP_Device</Name>
	<Val>192.168.15.112</Val>
	<Name>IP_Address_DVBS_Receiver_Traffic</Name>
	<Val>192.168.100.102</Val>
	<Name>L-Band_Start_frequency</Name>
	<Val>1290000000</Val>
	<Name>L-Band_Stop_frequency</Name>
	<Val>1310000000</Val>
	<Name>dB_Gain</Name>
	<Val>46</Val>
	<Name>Segment_Duration</Name>
	<Val>400</Val>
	<Name>Sample_Rate</Name>
	<Val>60000000</Val>
	<Name>RF_Input</Name>
	<Val>0</Val>
	<Name>Filter_Spectrum</Name>
	<Val>1</Val>
	<Name>enable_SNMP_device</Name>
	<Val>1</Val>
	<Name>Carrier_ID_Module</Name>
	<Val>0</Val>
	<Name>FL_Filter</Name>
	<Val>10000</Val>
	<Name>tandem</Name>
	<Val>100</Val>
	<Name>Mirrored_Spectrum</Name>
	<Val>0</Val>
	<Name>path_idr_ibs_demodulated</Name>
	<Val></Val>
	<Name>DVB-S</Name>
	<Val>1</Val>
	<Name>DVB-S2</Name>
	<Val>1</Val>
	<Name>iNFINITI_RL</Name>
	<Val>1</Val>
	<Name>iDirect_CC</Name>
	<Val>0</Val>
	<Name>Evolution_RL</Name>
	<Val>1</Val>
	<Name>LinkStar</Name>
	<Val>1</Val>
	<Name>Linkway</Name>
	<Val>1</Val>
	<Name>LinkWay_S2</Name>
	<Val>0</Val>
	<Name>Gilat_SkyEdge_I</Name>
	<Val>1</Val>
	<Name>Gilat_SkyEdge_II</Name>
	<Val>1</Val>
	<Name>Gilat_SkyEdge_IIC</Name>
	<Val>1</Val>
	<Name>newtec_sat3play</Name>
	<Val>1</Val>
	<Name>DVB-RCS</Name>
	<Val>1</Val>
	<Name>DVB-RCS2</Name>
	<Val>1</Val>
	<Name>HNS_IPoS</Name>
	<Val>1</Val>
	<Name>IBS/IDR</Name>
	<Val>1</Val>
	<Name>Advantech</Name>
	<Val>1</Val>
	<Name>Comtech</Name>
	<Val>1</Val>
	<Name>Carrier_Cancellation</Name>
	<Val>0</Val>
	<Name>Carrier_In_Carrier</Name>
	<Val>0</Val>
	<Name>output_folder_path</Name>
	<Val>c:\satscan\satscandata\output\</Val>
	<Name>File_read_use_frq_range</Name>
	<Val>0</Val>
	<Name>file_read_enable</Name>
	<Val>0</Val>
	<Name>File_Read_Path</Name>
	<Val></Val>
	<Name>Min_Bw_external_Dvb_Recv</Name>
	<Val>350000</Val>
	<Name>gsm</Name>
	<Val>0</Val>
	<Name>uw-detect</Name>
	<Val>0</Val>
	<Name>skystar_advantage</Name>
	<Val>0</Val>
	<Name>E1_Demodulation_time</Name>
	<Val>20</Val>
	<Name>resample_systems_sat_standard</Name>
	<Val>4294967295</Val>
	<Name>Disable_Fl_Sw_Decoding</Name>
	<Val>0</Val>
	<Name>SiteData_Site_name</Name>
	<Val></Val>
	<Name>SiteData_Position</Name>
	<Val></Val>
	<Name>SiteData_Polarization</Name>
	<Val></Val>
	<Name>SiteData_Satellite_Name</Name>
	<Val></Val>
	<Name>SiteData_RF_Band</Name>
	<Val></Val>
</Elements>

