{
  "updatedAt": "2026-02-12T00:00:00Z",
  "unit": "MHz",
  "points": [
    { "f": 10700, "p": -62 },
    { "f": 10780, "p": -60 },
    { "f": 10860, "p": -58 },
    { "f": 10940, "p": -61 },
    { "f": 11020, "p": -59 },
    { "f": 11100, "p": -57 },
    { "f": 11180, "p": -55 },
    { "f": 11260, "p": -56 },
    { "f": 11340, "p": -54 },
    { "f": 11420, "p": -53 },
    { "f": 11500, "p": -52 },
    { "f": 11580, "p": -50 },
    { "f": 11660, "p": -49 },
    { "f": 11740, "p": -47 },
    { "f": 11820, "p": -46 },
    { "f": 11900, "p": -45 },
    { "f": 11980, "p": -46 },
    { "f": 12060, "p": -48 },
    { "f": 12140, "p": -49 },
    { "f": 12220, "p": -47 },
    { "f": 12300, "p": -44 },
    { "f": 12380, "p": -43 },
    { "f": 12460, "p": -45 },
    { "f": 12540, "p": -48 },
    { "f": 12620, "p": -52 },
    { "f": 12700, "p": -55 },
    { "f": 12750, "p": -57 }
  ]
}
